1,Base Cabinets/Corner Base Cabinets
2,Base Cabinets/Drawer Base Cabinets
3,Base Cabinets/Full Height Base Cabinets
4,Base Cabinets/Peninsula Base Cabinets
5,Base Cabinets/Sink Base Cabinets
6,Base Cabinets/Specialty Base Cabinets
7,Base Cabinets/Standard Base Cabinets
8,Base Cabinets/Trimmable Knee Drawers & Desk File Drawers
9,Base Cabinets/Trimmable Knee Drawers & Desk File Drawers@Vanity Cabinets
10,Cabinet Accessories
11,"Posts, Corbels & Onlays"
12,RTA Cabinet Door Samples
13,Shipping Extras
14,Tall Cabinets
15,Trim & Details/Decorative Door Panels
16,Trim & Details/Fillers
17,Trim & Details/Hood Box Columns
18,Trim & Details/Moldings & Trim
19,Trim & Details/Moldings & Trim@Trim & Details/Panels & Toe Kick
20,Trim & Details/Panels & Toe Kick
21,Trim & Details/Touch Up Kits
22,Trim & Details/Valances & Base Skirts
23,Vanity Cabinets
24,Wall Cabinets/Blind Corner Wall Cabinets
25,Wall Cabinets/Chimney Hoods
26,Wall Cabinets/Corner Wall Cabinets
27,Wall Cabinets/Mullion Doors
28,"Wall Cabinets/Refrigerator Cabinets 24"" Deep"
29,Wall Cabinets/Specialty Wall Cabinets
30,Wall Cabinets/Standard Wall Cabinets
