1,Add Pull Out Trash Can
2,Add Roll Out Tray
3,Cabinet Assembly
4,Finished Side Panel Skins As You Are Looking At The Cabinet Front
5,Hinge Direction
6,Select Your Cabinet Color From Our Drop Down Menu
7,Pull Out Trash Can Option
8,Roll Out Tray Option
9,Cabinet Assembly Options (Selection Required)
10,Finished Side Panel Skins (Selection Required)
11,Hinge Direction (Assembled Cabinets Only)
12,Cabinet Assembly Option
13,Pull Out Spice Rack Option
14,Add Roll Out Trays
15,Lazy Susan Option
16,Lazy Susan Spinner Option
17,Reduce Depth Option Standard Finish Cabinets
18,Reduce Depth Option
19,Finish Interior Of Cabinet (Typically Used When Doors Are Prepped For Glass or Mullion Doors) Option
20,Finish Interior Option
21,Increase Depth Option
22,Prep Door For Glass Option
23,Add Mullion Door Option
24,Mullion Door Options
25,Hinge Direction As You Are Looking At The Cabinet Front
26,Finish Interior Of Cabinet (Typically Used When Doors Are Prepped For Glass or Mullion Doors)
27,Prep Doors For Glass Option
28,Finished Interior Option
29,Mullion Door Options (Not Available In Shaker)
30,Mullion Door Option
31,Custom Finished Interior Option
32,Add Finished Interior
33,Reduce Depth
34,Custom Finish Interior Option
35,Glaze Options
36,Pull Out Multi Use Basket Option
37,Pull Out Wire Basket Option
38,Sink Door Storage Option
39,Tip Out Tray Option
40,Add Round Susan Spinners
41,Prep Top Doors For Glass
42,Roll Out Trays Option
43,Cabinet Pull Color
44,Rope Style Knob Color
45,Knob Color
46,Pull Color
47,Increase Cabinet Depth Option
48,Cabinet Assembly Options
